{"stats": [0.6773597378698789, 0.8778888385949066, 0.7404027175371615, 0.6317714523795934, 0.7506851197807941, 0.7240081863979848, 0.9030226700251889, 0.7788098236775819, 0.6635345534007101, 0.8094017094017094], "text_labels": ["AP", "AP0.5", "AP0.75", "APM", "APL", "AR", "AR0.5", "AR0.75", "ARM", "ARL"], "args": ["/home/duncan/Masterthesis/openpifpaf_fork_weighted/openpifpaf/openpifpaf/eval.py", "--checkpoint", "shufflenetv2k16", "--loader-workers=2", "--decoder=cifcaf:0", "--dataset=cocokp", "--force-complete-pose", "--seed-threshold=0.2"], "version": "0.12.3+1.g9467e7b", "dataset": "cocokp", "total_time": 262.3650896549225, "checkpoint": "shufflenetv2k16", "count_ops": [38751961108.0, 10231828.0], "file_size": 41246691, "n_images": 2346, "decoder_time": 90.12668714299798, "nn_time": 154.57696675793704}